Zone Identifier;Chart of accounts;GL Account Code;GL Account Name;Sub Package Code;Sub Package Name;GCOA Account;Type of Expense
"MEX";"GCOA";"60000930";"CENTRO DE DATOS MANTENIMIENTO DE LICENCIAS";"403";"DATACENTER";"6105041";""
"MEX";"GCOA";"60000209";"MANTENIMIENTO Y CONSERVACIÓN DE PUNTOS DE VENTA";"186";"TRADE INVESTMENT - COMMERCIAL AGREEMENT - OFF TRADE";"6104553";""
"MEX";"GCOA";"60003045";"SEGURO AUTOS PROPIOS";"103";"INSURANCE";"6201026";""
"MEX";"GCOA";"60000041";"TIEMPO EXTRA EXENTO";"262";"OVERTIME";"6300500";""
"MEX";"GCOA";"60000630";"HONORARIOS PROFESIONALES ABOGADOS";"132";"OUTSIDE COUNSEL FEES";"6105529";""
"MEX";"GCOA";"60001049";"GASTOS DE VIAJE NO DEDUCIBLES FUERZA DE VENTAS";"451";"SALES TRAVEL";"5370109";""
"MEX";"GCOA";"60004412";"MEDICAMENTOS Y SERVICIOS MEDICOS";"270";"FACILITY BENEFITS";"6303507";""
"MEX";"GCOA";"60000008";"CUOTAS OBRERAS PAGADAS POR EL PATRÓN";"273";"SOCIAL CHARGES";"6300005";""
"MEX";"GCOA";"60000071";"PRIMA VACACIONAL  PERSONAL SINDICALIZADO";"261";"SALARY";"6300000";""
"MEX";"GCOA";"60000311";"GASOLINA VEHÍCULOS ARRENDADOS FUERZA DE VENTAS";"456";"LEASE OF SALES VEHICLE";"6024000";""
"MEX";"GCOA";"60000904";"LICENCIAS DE APLICACIONES DESOFTWARE COMO SERVICIO";"401";"APPLICATION LICENSES";"6105000";""
"MEX";"GCOA";"60001024";"ALIMENTOS POR RECLUTAMIENTO";"447";"BUSINESS TRAVEL";"6103002";""
"MEX";"GCOA";"60001428";"DIFERENCIA DE INVENTARIO PARTES Y REFACCIONES";"209";"INVENTORY COUNTING DIFFERENCE";"6014000";""
"MEX";"GCOA";"60003159";"GASTOS POR RECLUTAMIENTO";"276";"RECRUITING";"6306000";""
"MEX";"GCOA";"60005012";"GASTOS DE REPRESENTACIÓN VENTAS NO DEDUCIBLES";"409";"COMMERCIAL (ON AND OFF TRADE) RELATIONSHIP MANAGEMENT";"6104501";""
"MEX";"GCOA";"41001903";"INGRESOS POR CONSULTORÍA 3ROS.";"102";"CONSULTANT";"6100004";""
"MEX";"GCOA";"60000027";"BONO LARGO PLAZO";"481";"OPTIONS AND RSUS";"6309501";""
"MEX";"GCOA";"60000056";"INDEMNIZACIONES PERSONAL SINDICALIZADO";"277";"SEVERANCE";"6306500";""
"MEX";"GCOA";"60000091";"TIEMPO EXTRA EXENTO PERSONAL SINDICALIZADO";"262";"OVERTIME";"6300500";""
"MEX";"GCOA";"60000225";"MATERIALES PARA MANTENIMIENTO DE AUTOS UTILITARIOS";"145";"COMMERCIAL EQUIPMENT AND MACHINERY";"6025017";""
"MEX";"GCOA";"60000521";"ARRENDAMIENTO EQUIPO DE OFICINA";"122";"LEASE OF EQUIPMENT";"6201000";""
"MEX";"GCOA";"60000801";"IMPUESTO PREDIAL";"467";"TAXES - PROPERTY";"6200553";""
"MEX";"GCOA";"60000918";"SERVICIOS DE IMPRESIÓN Y COPIADO";"408";"WORKPLACE";"6105016";""
"MEX";"GCOA";"60001013";"OTROS GASTO DE VIAJE SIN COMPROBANTE";"447";"BUSINESS TRAVEL";"6103015";""
"MEX";"GCOA";"60001037";"GASTOS DE VIAJE NO DEDUCIBLES POR CAPACITACIÓN";"452";"TRAINING TRAVEL";"6308512";""
"MEX";"GCOA";"60001302";"ROTURAS Y MERMAS DE CERVEZA EXPORTACIÓN";"210";"LOSSES AND BREAKAGE FINISHED GOODS";"6019515";""
"MEX";"GCOA";"60003007";"IMPUESTOS Y DERECHOS DEVENGADO EN EL EJERCICIO";"467";"TAXES - PROPERTY";"6200555";""
"MEX";"GCOA";"60003128";"TRASLADO DE VALORES";"482";"CASH COLLECTION";"6100503";""
"MEX";"GCOA";"60004206";"PRUEBAS Y ENSAYOS EN PLANTA";"202";"LABORATORY SERVICES";"6102001";""
"MEX";"GCOA";"60004519";"GASTOS EVENTOS INTERNOS SIN REQUISITOS FISCALES";"449";"INTERNAL EVENTS TRAVEL";"6104050";""
"MEX";"GCOA";"60005108";"PATROCINIOS DEVENGADOS";"161";"SPONSORSHIP";"6103576";""
"MEX";"GCOA";"41000424";"INGRESOS X SERV DE OPERACIÓN";"186";"TRADE INVESTMENT - COMMERCIAL AGREEMENT - OFF TRADE";"6104553";""
"MEX";"GCOA";"60000003";"GRATIFICACIONES Y PREMIOS";"261";"SALARY";"6300000";""
"MEX";"GCOA";"60000020";"VACACIONES ECONÓMICAS";"261";"SALARY";"6300000";""
"MEX";"GCOA";"60000036";"PRIMA DOMINICAL EXENTA NO DEDUCIBLE";"261";"SALARY";"6300000";""
"MEX";"GCOA";"60000047";"FONDO DE AHORRO DEDUCIBLE";"269";"PENSION & SAVINGS BENEFIT";"6302006";""
"MEX";"GCOA";"60000062";"FONDO DE AHORRO  PERSONAL SINDICALIZADO";"269";"PENSION & SAVINGS BENEFIT";"6302006";""
"MEX";"GCOA";"60000085";"PRIMA DOMINICAL EXENTA PERSONAL SINDICALIZADO";"261";"SALARY";"6300000";""
"MEX";"GCOA";"60000111";"FLETES TERRESTRES INTERNACIONALES";"917";"INTERNATIONAL OTHER";"6102542";""
"MEX";"GCOA";"60000217";"MATERIALES PARA MANTENIMIENTO DE EDIFICIOS";"144";"BUILDING & FACILITIES MAINTENANCE M";"6025000";""
"MEX";"GCOA";"60000303";"SUBSIDIO ENERGÍA NEGOCIOS PROPIOS";"186";"TRADE INVESTMENT - COMMERCIAL AGREEMENT - OFF TRADE";"6104553";""
"MEX";"GCOA";"60000508";"ARRENDAMIENTO DE BIENES INMUEBLES 3ROS.";"123";"LEASE OF REAL ESTATE";"6201004";""
"MEX";"GCOA";"60000603";"HONORARIOS ASIMILADOS A SUELDOS";"200";"ADMINISTRATIVE SUPPORT";"6100006";""
"MEX";"GCOA";"60000638";"HONORARIOS PROFESIONALES ABOGADOS COMPLIANCE";"132";"OUTSIDE COUNSEL FEES";"6105531";""
"MEX";"GCOA";"60000818";"DERECHOS SOBRE LICENCIAS Y PATENTE BOTELLA CERRADA";"186";"TRADE INVESTMENT - COMMERCIAL AGREEMENT - OFF TRADE";"6104538";""
"MEX";"GCOA";"60000910";"CENTRO DE DATOS ACONDICIONAMIENTO DEL SITE";"403";"DATACENTER";"6105001";""
"MEX";"GCOA";"60000924";"MANTENIMIENTO DEVENGADO DE LICENCIAS SAP";"401";"APPLICATION LICENSES";"6105042";""
"MEX";"GCOA";"60001007";"TRANSPORTE LOCAL NO DEDUCIBLE";"447";"BUSINESS TRAVEL";"6103006";""
"MEX";"GCOA";"60001018";"HOSPEDAJE POR EVENTOS INTERNOS";"449";"INTERNAL EVENTS TRAVEL";"6104035";""
"MEX";"GCOA";"60001031";"COMISIÓN POR BOLETO DE AVIÓN POR CAPACITACIÓN";"452";"TRAINING TRAVEL";"6308501";""
"MEX";"GCOA";"60001044";"ALIMENTOS FUERZA DE VENTAS";"451";"SALES TRAVEL";"5370104";""
"MEX";"GCOA";"60001105";"FORMATOS";"244";"OFFICE SUPPLIES";"6005502";""
"MEX";"GCOA";"60001413";"ROBO DE CERVEZA EN TRÁNSITO";"428";"ROBBERIES IN TRANSPORT AND WHS";"6200563";""
"MEX";"GCOA";"60002001";"REPARACIÓN Y REPOSICIÓN DE TARIMAS";"138";"PALLETS / LOCATOR BOARDS / KEGS EXPENSES";"6101000";""
"MEX";"GCOA";"60003039";"ARRENDAMIENTO DEVENGADO DE INMUEBLES";"123";"LEASE OF REAL ESTATE";"6201004";""
"MEX";"GCOA";"60003106";"AVALÚOS PARA COMPRA-VENTA DE BIENES";"102";"CONSULTANT";"6100005";""
"MEX";"GCOA";"60003152";"COMISIONES BANCARIAS";"204";"OTHER SERVICES";"6106006";""
"MEX";"GCOA";"60003176";"ELIMYRECDE PAPEL, VIDRIO, METAL, PLÁSTICO Y MADERA";"206";"RECYCLING / WASTE COST";"6106011";""
"MEX";"GCOA";"60004312";"GASTOS NO DEDUCIBLES DE VENTAS";"409";"COMMERCIAL (ON AND OFF TRADE) RELATIONSHIP MANAGEMENT";"6104501";""
"MEX";"GCOA";"60004512";"GASTOS DE COMUNICACIÓN EXTERNA";"113";"EXTERNAL COMMUNICATION";"6104016";""
"MEX";"GCOA";"60005007";"ARTÍCULOS PUBLICITARIOS BOTELLA ABIERTA";"191";"MARKET PROGRAMS - DIRECT TRADE MARKETING MATERIALS – ON-TRADE";"6104627";""
"MEX";"GCOA";"60005084";"DESCTOS.DE CERVEZA PROMOCIONADA TRADEMKIMP.3ROSABI";"186";"TRADE INVESTMENT - COMMERCIAL AGREEMENT - OFF TRADE";"6104553";""
"MEX";"GCOA";"60005114";"PRODUCCIÓN DIGITAL";"464";"DIGITAL PRODUCTION";"6103553";""
"MEX";"GCOA";"41000416";"INGRESOS POR SERVICIOS DE TECNOLOGÍA";"406";"TECHNOLOGY INCOME";"6105043";""
"MEX";"GCOA";"41001103";"INGRESOS POR SUBARRENDAMIENTO DE INMUEBLES 3ROS";"126";"RENT INCOME";"5310003";""
"MEX";"GCOA";"60000000";"SALARIOS";"261";"SALARY";"6300000";""
"MEX";"GCOA";"60000006";"INDEMNIZACIONES";"277";"SEVERANCE";"6306500";""
"MEX";"GCOA";"60000011";"IMPUESTOS ESTATALES SOBRE REMUNERACIONES";"273";"SOCIAL CHARGES";"6300005";""
"MEX";"GCOA";"60000023";"PTU CAUSADA";"335";"PRODUCTIVITY PREMIUM";"6900118";""
"MEX";"GCOA";"60000033";"APORTACIÓN BÁSICA";"269";"PENSION & SAVINGS BENEFIT";"6302006";""
"MEX";"GCOA";"60000039";"PRIMA VACACIONAL EXENTA";"261";"SALARY";"6300000";""
"MEX";"GCOA";"60000044";"AGUINALDO EXENTO NO DEDUCIBLE";"261";"SALARY";"6300000";""
"MEX";"GCOA";"60000050";"BONO DE CONTRATACIÓN";"276";"RECRUITING";"6306000";""
"MEX";"GCOA";"60000059";"APORTACIONES INFONAVIT  PERSONAL SINDICALIZADO";"273";"SOCIAL CHARGES";"6300005";""
"MEX";"GCOA";"60000069";"FONDO DE AHORRO NO DEDUCIBLE P. SIND.    ";"269";"PENSION & SAVINGS BENEFIT";"6302006";""
"MEX";"GCOA";"60000078";"MOVILIDAD INTERNACIONAL";"271";"INTERNATIONAL MOBILITY";"6302505";""
"MEX";"GCOA";"60000088";"INDEMNIZACIONES EXENTAS NO DED. P. SINDIC.";"277";"SEVERANCE";"6306500";""
"MEX";"GCOA";"60000094";"AGUINALDO EXENTO NO DEDUCIBLE P. SINDICALIZADO";"261";"SALARY";"6300000";""
"MEX";"GCOA";"60000202";"CONSUMO DE REFACCIONES INTERNAS";"147";"INDUSTRIAL EQUIPMENT AND MACHINERY";"6101029";""
"MEX";"GCOA";"60000213";"MANTENIMIENTOS VEHÍCULOS UTILITARIOS ARRENDADOS";"457";"LEASE OF UTILITY / BUSINESS VEHICLE";"6201015";""
"MEX";"GCOA";"60000220";"MATERIALES PARA MANTENIMIENTO EQUIPO DE PRODUCCIÓN";"150";"PRODUCTION SUPPLIES";"6025013";""
"MEX";"GCOA";"60000231";"MANTENIMIENTOS VEHÍCULOS ARRENDADOS FUERZA DE VTAS";"456";"LEASE OF SALES VEHICLE";"6201008";""
"MEX";"GCOA";"60000307";"GASOLINA VEHÍCULOS PROPIOS  ";"243";"FUEL U";"6024004";""
"MEX";"GCOA";"60000314";"GASTOS POR MATERIALES DE ENERGÍA Y FLUIDOS";"247";"WATER, ELECTRICITY AND GAS";"6005000";""
"MEX";"GCOA";"60000513";"ARRENDAMIENTO DE VEHÍCULOS UTILITARIOS";"457";"LEASE OF UTILITY / BUSINESS VEHICLE";"6201020";""
"MEX";"GCOA";"60000525";"ARRENDAMIENTO DE VEHÍCULOS FUERZA DE VENTAS";"456";"LEASE OF SALES VEHICLE";"6201007";""
"MEX";"GCOA";"60000608";"HONORARIOS X AUDITORÍA DE CALIDAD Y PROC. DE CERT.";"454";"AUDIT OTHER";"6100012";""
"MEX";"GCOA";"60000633";"HONORARIOS PROFESIONALES NOTARIALES";"133";"LEGAL COMMUNICATIONS";"6105524";""
"MEX";"GCOA";"60000700";"FIANZAS";"103";"INSURANCE";"6202000";""
"MEX";"GCOA";"60000813";"TENENCIAS PLACAS Y DERECHOS VEHÍCULOS UTILITARIOS";"478";"ROAD TAXES";"6200525";""
"MEX";"GCOA";"60000823";"MULTAS, SANCIONES E INDEMN. POR CARGAS SOCIALES";"273";"SOCIAL CHARGES";"6300005";""
"MEX";"GCOA";"60000907";"TELECOM SERVICIOS DE COMUNICACIÓN DE DATOS LAN";"407";"TELECOM SERVICES";"6105010";""
"MEX";"GCOA";"60000914";"CENTRO DE DATOS SERVICIO DE COMUNICACIÓN DE DATOS";"403";"DATACENTER";"6105004";""
"MEX";"GCOA";"60000921";"MANTENIMIENTO DEVENGADO LICENCIAS L. DE  TRABAJO";"408";"WORKPLACE";"6105035";""
"MEX";"GCOA";"60000928";"CENTRO DE DATOS GESTIÓN DE IMÁGENES VIRTUALES";"403";"DATACENTER";"6105039";""
"MEX";"GCOA";"60001003";"ALIMENTOS NO DEDUCIBLES";"447";"BUSINESS TRAVEL";"6103002";""
"MEX";"GCOA";"60001010";"IMPUESTOS Y DERECHOS TRANSPORTE AÉREO";"447";"BUSINESS TRAVEL";"6103005";""
"MEX";"GCOA";"60001015";"BOLETOS DE AVIÓN POR EVENTOS INTERNOS";"449";"INTERNAL EVENTS TRAVEL";"6104036";""
"MEX";"GCOA";"60001021";"IMPUESTOS Y DERECHOS X GTOS.VIAJE EVENTOS INTERNOS";"449";"INTERNAL EVENTS TRAVEL";"6104050";""
"MEX";"GCOA";"60001027";"OTROS GASTOS DE VIAJE POR RECLUTAMIENTO";"447";"BUSINESS TRAVEL";"6103015";""
"MEX";"GCOA";"60001034";"TRANSPORTE LOCAL POR CAPACITACIÓN";"452";"TRAINING TRAVEL";"6308511";""
"MEX";"GCOA";"60001041";"TRANSPORTE DE MATERIAL PUBLICITARIO";"230";"EVENT MATERIALS TRANSPORT";"6104658";""
"MEX";"GCOA";"60001047";"OTROS GASTOS DE VIAJE FUERZA DE VENTAS";"451";"SALES TRAVEL";"5370109";""
"MEX";"GCOA";"60001101";"MENSAJERÍA";"246";"POSTAGE / COURIER";"6100009";""
"MEX";"GCOA";"60001207";"OBSEQUIO AGUA Y HIELO A CLIENTES";"187";"TRADE INVESTMENT - COMMERCIAL AGREEMENT – ON-TRADE";"6104525";""
"MEX";"GCOA";"60001403";"ROTURAS Y MERMAS DE EMPAQUE Y MAT. AUX.";"420";"LOSSES AND BREAKAGES OF PACKAGING, AUXILIARY, RAW MATERIAL (EXCEPT GRAINS),  POC MATERIALS AND DRAUG";"6200562";""
"MEX";"GCOA";"60001425";"SINIESTRO DE OTROS INVENTARIOS";"420";"LOSSES AND BREAKAGES OF PACKAGING, AUXILIARY, RAW MATERIAL (EXCEPT GRAINS),  POC MATERIALS AND DRAUGHT";"6200562";""
"MEX";"GCOA";"60001700";"ROTURAS Y MERMAS DE REFRESCOS";"210";"LOSSES AND BREAKAGE FINISHED GOODS";"6200559";""
"MEX";"GCOA";"60002101";"OBSOLESCENCIA DE INVENTARIO";"423";"OBSOLESCENCE";"6200570";""
"MEX";"GCOA";"60003036";"FOMENTO DE VENTAS DEVENGADO EN EL EJ. X VOLUMEN BA";"187";"TRADE INVESTMENT - COMMERCIAL AGREEMENT – ON-TRADE";"6104525";""
"MEX";"GCOA";"60003043";"ACUERDOS COMERCIALES DEVENGADOS BOTELLA CERRADA";"186";"TRADE INVESTMENT - COMMERCIAL AGREEMENT - OFF TRADE";"6104539";""
"MEX";"GCOA";"60003050";"SEGURO AUTOS ARRENDADOS FUERZA DE VENTAS";"103";"INSURANCE";"6201024";""
"MEX";"GCOA";"60003116";"COMISIONES POR VENTA DE CERVEZA BOTELLA CERRADA";"186";"TRADE INVESTMENT - COMMERCIAL AGREEMENT - OFF TRADE";"6104553";""
"MEX";"GCOA";"60003148";"GASTOS POR SOPORTE ADMINISTRATIVO";"200";"ADMINISTRATIVE SUPPORT";"6100007";""
"MEX";"GCOA";"60003157";"OUTSOURCING PERSONAL TEMPORAL";"280";"TEMPS NON-PAYROLL";"6301500";""
"MEX";"GCOA";"60003166";"JARDINERÍA DE OFICINAS Y LOCALES COMERCIALES";"201";"CLEANING AND GARDENING";"6106026";""
"MEX";"GCOA";"60004106";"CUENTAS INCOBRABLES";"188";"COMMERCIAL LOSSES";"6450000";""
"MEX";"GCOA";"60004304";"GASTOS NO DEDUC. POR DIFERENCIAS EN COMPENSACIONES";"188";"COMMERCIAL LOSSES";"6411000";""
"MEX";"GCOA";"60004404";"REMBOLSOS DE FONDO FIJO";"447";"BUSINESS TRAVEL";"6103015";""
"MEX";"GCOA";"60004501";"DONATIVOS Y OBSEQUIOS";"112";"NON-CHARITABLE DONATIONS";"6104012";""
"MEX";"GCOA";"60004515";"ASUNTOS CORPORATIVOS";"109";"CORPORATE AFFAIRS FEES";"6104002";""
"MEX";"GCOA";"60004523";"SERVICIOS DE TRADUCCIÓN";"121";"TRANSLATION";"6104042";""
"MEX";"GCOA";"60005010";"PROMOTORAS DE VENTAS";"326";"MARKET PROGRAMS - SALES DEMAND ACTIVATIONS ";"6104706";""
"MEX";"GCOA";"60005020";"ARTÍCULOS PUBLICITARIOS LOCALES BOTELLA ABIERTA";"412";"NON MARKET PROGRAMS - DIRECT TRADE MARKETING MATERIALS – ON-TRADE";"6104721";""
"MEX";"GCOA";"60005103";"PUBLICIDAD EVENTOS DE MARCA";"153";"BRAND EVENTS";"6103604";""
"MEX";"GCOA";"60005111";"MEDIOS MASIVOS TRADICIONALES";"157";"TRADITIONAL MEDIA BUYING";"6103533";""
"MEX";"GCOA";"60005119";"MEDIOS MASIVOS DIGITALES";"399";"DIGITAL MEDIA BUYING";"6103532";""
"MEX";"GCOA";"41000410";"INGRESOS POR SERVICIOS DE SEGURIDAD 3ROS";"261";"SALARY";"5370034";""
"MEX";"GCOA";"41000424";"INGRESOS POR SERVICIOS DE OPERACIÓN ";"186";"TRADE INVESTMENT - COMMERCIAL AGREEMENT - OFF TRADE";"6104553";""
"MEX";"GCOA";"41001101";"INGRESOS POR ARRENDAMIENTOS 3ROS";"126";"RENT INCOME";"5310003";""
"MEX";"GCOA";"41001309";"VENTAS DE DESPERDICIOS DE VIDRIO 3ROS.";"207";"RECYCLING / WASTE INCOME";"5334000";""
"MEX";"GCOA";"41002706";"INGRESOS POR RECUPERACIÓN DE SEGUROS 3ROS.";"427";"REIMBURSMENT OF LOSSES";"6200566";""
"MEX";"GCOA";"60000002";"COMISIONES";"334";"SALES COMMISSION";"6309602";""
"MEX";"GCOA";"60000005";"SEGURO DE GASTOS DE VIAJE";"447";"BUSINESS TRAVEL";"6103015";""
"MEX";"GCOA";"60000007";"CUOTAS IMSS";"273";"SOCIAL CHARGES";"6300005";""
"MEX";"GCOA";"60000010";"APORTACIONES SAR";"273";"SOCIAL CHARGES";"6300005";""
"MEX";"GCOA";"60000013";"COSTO NETO DEL PERIODO";"269";"PENSION & SAVINGS BENEFIT";"6302000";""
"MEX";"GCOA";"60000022";"TIEMPO EXTRA";"262";"OVERTIME";"6300500";""
"MEX";"GCOA";"60000026";"CUOTAS SINDICALES";"322";"INDIVIDUAL BENEFITS";"6304006";""
"MEX";"GCOA";"60000031";"INCENTIVO ESPECIAL DE VENTAS";"199";"SALES INCENTIVES - OWN PERSONNEL";"6104655";""
"MEX";"GCOA";"60000035";"PRIMA DOMINICAL EXENTA";"261";"SALARY";"6300000";""
"MEX";"GCOA";"60000038";"INDEMNIZACIONES EXENTAS NO DEDUCIBLES";"277";"SEVERANCE";"6306500";""
"MEX";"GCOA";"60000040";"PRIMA VACACIONAL EXENTA NO DEDUCIBLE";"261";"SALARY";"6300000";""
"MEX";"GCOA";"60000043";"AGUINALDO EXENTO";"261";"SALARY";"6300000";""
"MEX";"GCOA";"60000046";"PREVISIÓN SOCIAL NO DEDUCIBLE";"270";"FACILITY BENEFITS";"6303505";""
"MEX";"GCOA";"60000049";"GRATIFICACIÓN ANUAL";"261";"SALARY";"6300000";""
"MEX";"GCOA";"60000054";"PREVISIÓN SOCIAL PERSONAL SINDICALIZADO";"270";"FACILITY BENEFITS";"6303505";""
"MEX";"GCOA";"60000058";"CUOTAS OBRERAS PAGADAS POR EL PATRÓN P.SINDIC.";"273";"SOCIAL CHARGES";"6300005";""
"MEX";"GCOA";"60000061";"IMPUESTOS ESTATALES SOBRE REMUNERACIONES P.SINDIC.";"273";"SOCIAL CHARGES";"6300005";""
"MEX";"GCOA";"60000068";"FONDO DE AHORRO DEDUCIBLE P. SIND.    ";"269";"PENSION & SAVINGS BENEFIT";"6302006";""
"MEX";"GCOA";"60000070";"VACACIONES ECONÓMICAS PERSONAL SINDICALIZADO";"261";"SALARY";"6300000";""
"MEX";"GCOA";"60000075";"PROVISIÓN DE GRATIFICACIÓN ANUAL P.SINDICALIZADO";"261";"SALARY";"6300000";""
"MEX";"GCOA";"60000081";"COSTO DE VIDA POR MOVILIDAD NACIONAL";"272";"DOMESTIC MOBILITY";"6304010";""
"MEX";"GCOA";"60000087";"INDEMNIZACIONES EXENTAS PERSONAL SINDICALIZADO";"277";"SEVERANCE";"6306500";""
"MEX";"GCOA";"60000090";"PRIMA VACACIONAL EXENTA NO DED. P. SINDIC.";"261";"SALARY";"6300000";""
"MEX";"GCOA";"60000093";"AGUINALDO EXENTO  PERSONAL SINDICALIZADO";"261";"SALARY";"6300000";""
"MEX";"GCOA";"60000096";"PREVISIÓN SOCIAL NO DEDUCIBLE P. SIND.";"270";"FACILITY BENEFITS";"6303505";""
"MEX";"GCOA";"60000201";"MTTO Y CONSERV 3ROS.";"142";"3RD PARTY LABOUR";"6101007";""
"MEX";"GCOA";"60000208";"MANTENIMIENTO Y CONSERVACIÓN NEGOCIOS PROPIOS";"186";"TRADE INVESTMENT - COMMERCIAL AGREEMENT - OFF TRADE";"6104553";""
"MEX";"GCOA";"60000211";"ACUERDOS COMERCIALES BOTELLA CERRADA";"186";"TRADE INVESTMENT - COMMERCIAL AGREEMENT - OFF TRADE";"6104539";""
"MEX";"GCOA";"60000216";"MANTENIMIENTO CORRECTIVO MANO DE OBRA";"305";"3RD PARTY LABOR – CORRECTIVE & E";"6101023";""
"MEX";"GCOA";"60000219";"MATERIALES PARA MANTENIMIENTO EQ. IND. CORRECTIVO";"306";"INDUSTRIAL EQUIP MAINTENANCE – C";"6101027";""
"MEX";"GCOA";"60000222";"MATERIALES PARA MANTENIMIENTO EQUIPO DE OFICINA";"149";"OFFICE EQUIPMENT AND MACHINERY MAIN";"6025023";""
"MEX";"GCOA";"60000230";"MANTENIMIENTO DEVENGADO EQUIPO DE OFICINA";"149";"OFFICE EQUIPMENT AND MACHINERY MAIN";"6025023";""
"MEX";"GCOA";"60000300";"ENERGÍA";"247";"WATER, ELECTRICITY AND GAS";"6020000";""
"MEX";"GCOA";"60000306";"GAS PARA COMEDOR";"247";"WATER, ELECTRICITY AND GAS";"6023000";""
"MEX";"GCOA";"60000308";"GASOLINA VEHÍCULOS ARRENDADOS";"457";"LEASE OF UTILITY / BUSINESS VEHICLE";"6201025";""
"MEX";"GCOA";"60000313";"CO2 INDUSTRIAL NO ESTACIONARIO";"247";"WATER, ELECTRICITY AND GAS";"6025024";""
"MEX";"GCOA";"60000504";"ARRENDAMIENTO PLAN DE AUTOS";"322";"INDIVIDUAL BENEFITS";"6304502";""
"MEX";"GCOA";"60000512";"ARRENDAMIENTO MAQUINARIA DE PRODUCCIÓN";"122";"LEASE OF EQUIPMENT";"6201001";""
"MEX";"GCOA";"60000517";"ARRENDAMIENTO DEVENGADO MAQUINARIA";"122";"LEASE OF EQUIPMENT";"6201001";""
"MEX";"GCOA";"60000524";"OTROS ARRENDAMIENTOS";"125";"OTHER LEASES / RENTALS";"6201012";""
"MEX";"GCOA";"60000527";"ARRENDAMIENTO DEVENGADO DE PUNTOS DE VENTA NP";"123";"LEASE OF REAL ESTATE";"6201004";""
"MEX";"GCOA";"60000607";"HONORARIOS POR AUDITORIA EXTERNA";"101";"AUDIT FINANCIAL";"6100000";""
"MEX";"GCOA";"60000609";"HONORARIOS POR CONSULTORÍA NACIONALES";"102";"CONSULTANT";"6100004";""
"MEX";"GCOA";"60000632";"REEMBOLSO DE GASTOS DE VIAJE ABOGADOS";"131";"OUTSIDE COUNSEL DISBURSEMENTS / EXP";"6105511";""
"MEX";"GCOA";"60000636";"HONORARIOS PROFESIONALES PROPIEDAD INTELECTUAL EXT";"132";"OUTSIDE COUNSEL FEES";"6105525";""
"MEX";"GCOA";"60000640";"HONORARIOS PROFESIONALES ABOGADOS FISCALES";"132";"OUTSIDE COUNSEL FEES";"6105519";""
"MEX";"GCOA";"60000800";"IMPUESTOS Y DERECHOS";"467";"TAXES - PROPERTY";"6200555";""
"MEX";"GCOA";"60000809";"RECARGOS DEDUCIBLES";"469";"TAXES - FINES & PENALTIES";"6200514";""
"MEX";"GCOA";"60000817";"DERECHOS SOBRE LICENCIAS Y PATENTE BOTELLA ABIERTA";"187";"TRADE INVESTMENT - COMMERCIAL AGREEMENT – ON-TRADE";"6104510";""
"MEX";"GCOA";"60000822";"RECARGOS POR CARGAS SOCIALES";"273";"SOCIAL CHARGES";"6300005";""
"MEX";"GCOA";"60000827";"DERECHOS SOBRE LICENCIAS Y PATENTES NO DEDUCIBLES";"186";"TRADE INVESTMENT - COMMERCIAL AGREEMENT - OFF TRADE";"6104538";""
"MEX";"GCOA";"60000906";"SOPORTE A APLICACIONES NO SAP";"402";"APPLICATION SUPPORT";"6105006";""
"MEX";"GCOA";"60000909";"TELECOM SERVICIOS DE COMUNICACIÓN DE DATOS WAN";"407";"TELECOM SERVICES";"6105013";""
"MEX";"GCOA";"60000912";"CENTRO DE DATOS EQUIPOS DE RESERVA";"403";"DATACENTER";"6105003";""
"MEX";"GCOA";"60000917";"SOPORTE TÉCNICO";"408";"WORKPLACE";"6105017";""
"MEX";"GCOA";"60000920";"MANTENIMIENTO DEVENGADO DE LIC. APLICACIÓN NO SAP";"401";"APPLICATION LICENSES";"6105008";""
"MEX";"GCOA";"60000923";"MANTENIMIENTO DE LICENCIAS DE APLICACIÓN SAP";"401";"APPLICATION LICENSES";"6105042";""
"MEX";"GCOA";"60000926";"TELECOM TELEPRESENCIA";"407";"TELECOM SERVICES";"6105037";""
"MEX";"GCOA";"60000929";"CENTRO DE DATOS ALMACENAMIENTO DE DATOS";"403";"DATACENTER";"6105040";""
"MEX";"GCOA";"60000933";"SEGURIDAD INFORMÁTICA MANTENIMIENTO DE LICENCIAS";"405";"SECURITY T";"6105034";""
"MEX";"GCOA";"60001006";"TRANSPORTE LOCAL";"447";"BUSINESS TRAVEL";"6103006";""
"MEX";"GCOA";"60001009";"BOLETOS DE AVIÓN TARIFAS AÉREAS";"447";"BUSINESS TRAVEL";"6103005";""
"MEX";"GCOA";"60001012";"OTROS GASTOS DE VIAJE";"447";"BUSINESS TRAVEL";"6103015";""
"MEX";"GCOA";"60001014";"COMISIÓN POR EMISIÓN DE BOLETOS DE VIAJE";"453";"TRAVEL AGENT";"6103008";""
"MEX";"GCOA";"60001017";"ALIMENTOS POR EVENTOS INTERNOS";"449";"INTERNAL EVENTS TRAVEL";"6104084";""
"MEX";"GCOA";"60001020";"OTROS GASTOS DE VIAJE POR EVENTOS INTERNOS";"449";"INTERNAL EVENTS TRAVEL";"6104050";""
"MEX";"GCOA";"60001023";"COMISIÓN POR BOLETO DE AVIÓN POR RECLUTAMIENTO";"447";"BUSINESS TRAVEL";"6103005";""
"MEX";"GCOA";"60001026";"TRANSPORTE LOCAL POR RECLUTAMIENTO";"447";"BUSINESS TRAVEL";"6103006";""
"MEX";"GCOA";"60001030";"BOLETOS DE AVIÓN POR CAPACITACIÓN";"452";"TRAINING TRAVEL";"6308501";""
"MEX";"GCOA";"60001033";"HOSPEDAJE POR CAPACITACIÓN";"452";"TRAINING TRAVEL";"6308502";""
"MEX";"GCOA";"60001036";"IMPUESTOS POR GASTOS DE VIAJE POR CAPACITACIÓN";"452";"TRAINING TRAVEL";"6308512";""
"MEX";"GCOA";"60001039";"OTROS BENEFICIOS A EMPLEADOS";"270";"FACILITY BENEFITS";"6303505";""
"MEX";"GCOA";"60001043";"COMISIÓN POR BOLETOS DE AVIÓN FUERZA DE VENTAS";"451";"SALES TRAVEL";"5370106";""
"MEX";"GCOA";"60001046";"TRANSPORTE LOCAL FUERZA DE VENTAS";"451";"SALES TRAVEL";"5370108";""
"MEX";"GCOA";"60001048";"IMPUESTOS POR GASTOS DE VIAJE FUERZA DE VENTAS";"451";"SALES TRAVEL";"5370109";""
"MEX";"GCOA";"60001100";"ARTÍCULOS DE ESCRITORIO   ";"244";"OFFICE SUPPLIES";"6106501";""
"MEX";"GCOA";"60001104";"PAPEL";"244";"OFFICE SUPPLIES";"6005501";""
"MEX";"GCOA";"60001200";"OBSEQUIO DE CERVEZA";"187";"TRADE INVESTMENT - COMMERCIAL AGREEMENT – ON-TRADE";"6104528";""
"MEX";"GCOA";"60001301";"ROTURAS Y MERMAS DE CERVEZA EN TRANSITO";"210";"LOSSES AND BREAKAGE FINISHED GOODS";"6200559";""
"MEX";"GCOA";"60001400";"ROTURAS Y MERMAS DE ENVASE, EMPAQUE Y MAT. AUX.";"420";"LOSSES AND BREAKAGES OF PACKAGING, AUXILIARY, RAW MATERIAL (EXCEPT GRAINS),  POC MATERIALS AND DRAUGHT";"6200562";""
"MEX";"GCOA";"60001403";"ROTURAS Y MERMAS DE MATERIAL NO CONFORME";"420";"LOSSES AND BREAKAGES OF PACKAGING, AUXILIARY, RAW MATERIAL (EXCEPT GRAINS),  POC MATERIALS AND DRAUGHT";"6200562";""
"MEX";"GCOA";"60001424";"ROBOS DE EFECTIVO";"188";"COMMERCIAL LOSSES";"6412011";""
"MEX";"GCOA";"60001427";"DIFERENCIA DE INVENTARIO EMPAQUE NR MAT. AUX. ELAB";"209";"INVENTORY COUNTING DIFFERENCE";"6104702";""
"MEX";"GCOA";"60001600";"ROTURAS Y MERMAS DE AGUA EMBOTELLADA";"210";"LOSSES AND BREAKAGE FINISHED GOODS";"6200559";""
"MEX";"GCOA";"60001800";"ROTURAS Y MERMAS DE VINOS Y LICORES";"210";"LOSSES AND BREAKAGE FINISHED GOODS";"6200559";""
"MEX";"GCOA";"60002100";"MANEJO Y DESTRUCCIÓN DE PRODUCTO NO CONFORME";"210";"LOSSES AND BREAKAGE FINISHED GOODS";"6200559";""
"MEX";"GCOA";"60003000";"SEGUROS DEVENGADOS EN EL EJERCICIO";"103";"INSURANCE";"6202000";""
"MEX";"GCOA";"60003035";"FOMENTO DE VENTAS DEVENGADO EN EL EJ. X IMAGEN BA";"187";"TRADE INVESTMENT - COMMERCIAL AGREEMENT – ON-TRADE";"6104525";""
"MEX";"GCOA";"60003038";"FOMENTO DE VENTAS DEVENGADO EN EL EJ. X VOLUMEN BC";"186";"TRADE INVESTMENT - COMMERCIAL AGREEMENT - OFF TRADE";"6104553";""
"MEX";"GCOA";"60003042";"ACUERDOS COMERCIALES DEVENGADOS BOTELLA ABIERTA";"187";"TRADE INVESTMENT - COMMERCIAL AGREEMENT – ON-TRADE";"6104511";""
"MEX";"GCOA";"60003044";"EVENTOS DEVENGADOS DE VENTAS";"198";"DEMAND ACTIVATION - SALES EVENTS";"6104650";""
"MEX";"GCOA";"60003048";"SEGURO AUTOS ARRENDADOS UTILITARIOS";"103";"INSURANCE";"6201026";""
"MEX";"GCOA";"60003104";"SERVICIO DE SEGURIDAD";"208";"SECURITY S";"6100500";""
"MEX";"GCOA";"60003114";"OTROS GASTOS DE SEGURIDAD";"208";"SECURITY S";"6100501";""
"MEX";"GCOA";"60003122";"FUMIGACIÓN DE INSTALACIONES INDUSTRIALES";"201";"CLEANING AND GARDENING";"6106005";""
"MEX";"GCOA";"60003143";"GTS DE COMEDOR";"270";"FACILITY BENEFITS";"6303504";""
"MEX";"GCOA";"60003150";"COSTO POR ELIMINACIÓN DE DESECHOS";"206";"RECYCLING / WASTE COST";"6106010";""
"MEX";"GCOA";"60003154";"AVALÚOS PARA GARANTÍA FOMENTOS VTASBOTELLA CERRADA";"186";"TRADE INVESTMENT - COMMERCIAL AGREEMENT - OFF TRADE";"6104553";""
"MEX";"GCOA";"60003158";"COMISIÓN POR EMISIÓN DE VALES ALIMENTOS";"322";"INDIVIDUAL BENEFITS";"6305001";""
"MEX";"GCOA";"60003165";"JARDINERÍA DE INSTALACIONES INDUSTRIALES         ";"201";"CLEANING AND GARDENING";"6106004";""
"MEX";"GCOA";"60003175";"TRANSPORTE DE RECOLECCIÓN DE DESECHOS";"206";"RECYCLING / WASTE COST";"6106013";""
"MEX";"GCOA";"60004105";"CUENTAS INCOBRABLES";"188";"COMMERCIAL LOSSES";"6450000";""
"MEX";"GCOA";"60004204";"MATERIALES, PARTES Y REFACIONES DE LABORATORIO";"148";"LABORATORY EQUIPMENT REPAIR & MAINT";"6025011";""
"MEX";"GCOA";"60004301";"IVA NO DEDUCIBLE";"474";"OTHER TAXES";"5370098";""
"MEX";"GCOA";"60004311";"GASTOS NO DEDUCIBLES DE ADMINISTRACIÓN";"204";"OTHER SERVICES";"6106019";""
"MEX";"GCOA";"60004403";"ENSERES MENORES";"244";"OFFICE SUPPLIES";"6005500";""
"MEX";"GCOA";"60004407";"UNIFORMES Y EQUIPO DE SEGURIDAD INDUSTRIAL";"279";"PPE & UNIFORMS";"6305500";""
"MEX";"GCOA";"60004500";"DONATIVOS DE CARIDAD";"108";"CHARITABLE DONATIONS";"6104000";""
"MEX";"GCOA";"60004511";"GASTOS DE COMUNICACIÓN INTERNA";"115";"INTERNAL COMMUNICATION";"6104024";""
"MEX";"GCOA";"60004514";"EVENTOS CORPORATIVOS";"110";"CORPORATE EVENTS";"6203545";""
"MEX";"GCOA";"60004518";"OTROS EVENTOS INTERNOS";"116";"INTERNAL EVENTS";"6104028";""
"MEX";"GCOA";"60004522";"SUSCRIPCIONES";"120";"SUBSCRIPTIONS";"6104041";""
"MEX";"GCOA";"60004524";"CUOTAS ASOCIACIONES DE LA INDUSTRIA";"114";"INDUSTRY ASSOCIATIONS";"6104023";""
"MEX";"GCOA";"60005009";"ACUERDOS COMERCIALES DISTRIBUIDORES";"185";"COMMERCIAL AGREEMENT - DISTRIBUTORS";"6104578";""
"MEX";"GCOA";"60005011";"GASTOS DE REPRESENTACIÓN VENTAS";"409";"COMMERCIAL (ON AND OFF TRADE) RELATIONSHIP MANAGEMENT";"6104501";""
"MEX";"GCOA";"60005014";"EVENTOS VENTAS";"198";"DEMAND ACTIVATION - SALES EVENTS";"6104650";""
"MEX";"GCOA";"60005083";"DESCTOS.DE CERVEZA PROMOCIONADA TRADE MK.NAL.3ROS.";"186";"TRADE INVESTMENT - COMMERCIAL AGREEMENT - OFF TRADE";"6104553";""
"MEX";"GCOA";"60005102";"PUBLICIDAD DEVENGADA EVENTOS DE MARCA";"153";"BRAND EVENTS";"6103604";""
"MEX";"GCOA";"60005106";"PATROCINIOS";"161";"SPONSORSHIP";"6103551";""
"MEX";"GCOA";"60005110";"INVESTIGACIÓN DE MERCADO";"156";"MARKET RESEARCH";"6103522";""
"MEX";"GCOA";"60005113";"PRODUCCIÓN DE ANUNCIOS";"151";"ADVERTISING PRODUCTION";"6103555";""
"MEX";"GCOA";"60005118";"PUBLICIDAD DEVENGADA POR PRODUCCIÓN DE ANUNCIOS";"151";"ADVERTISING PRODUCTION";"6103555";""
"MEX";"GCOA";"60007000";"RECLASIFICACIÓN A INVENTARIOS (C.FIJOS)";"(en blanco)";"(EN BLANCO)";"Dummy_6700";""
"MEX";"GCOA";"41000406";"INGRESOS POR FLETES SUBCONTRATADOS 3ROS.";"232";"FREIGHT INCOME";"5303002";""
"MEX";"GCOA";"41000418";"INGRESOS POR ACUERDOS COMERCIALES CON FABRICANTES";"123";"LEASE OF REAL ESTATE";"6201004";""
"MEX";"GCOA";"41000906";"VENTAS DE ARTÍCULOS PUBLICITARIOS NACIONAL 3ROS.";"195";"NON-BEVERAGE SALES INCOME";"5335003";""
"MEX";"GCOA";"41001306";"VENTAS DE DESPERDICIOS NO INDUSTRIALES";"207";"RECYCLING / WASTE INCOME";"5334001";""
"MEX";"GCOA";"41002705";"INGRESOS POR RECUPERACION DE GASTOS LEGALES 3ROS.";"130";"LEGAL INCOME";"5305002";""
"MEX";"GCOA";"60000001";"SUELDOS";"261";"SALARY";"6300000";""
"MEX";"GCOA";"60000004";"PREVISIÓN SOCIAL";"270";"FACILITY BENEFITS";"6303505";""
"MEX";"GCOA";"60000009";"APORTACIONES INFONAVIT";"273";"SOCIAL CHARGES";"6300005";""
"MEX";"GCOA";"60000012";"FONDO DE AHORRO";"269";"PENSION & SAVINGS BENEFIT";"6302006";""
"MEX";"GCOA";"60000021";"PRIMA VACACIONAL";"261";"SALARY";"6300000";""
"MEX";"GCOA";"60000025";"PROVISIÓN GRATIFICACIÓN ANUAL";"261";"SALARY";"6300000";""
"MEX";"GCOA";"60000028";"BONO CORTO PLAZO";"480";"BONUS";"6309600";""
"MEX";"GCOA";"60000034";"APORTACIÓN ADICIONAL";"269";"PENSION & SAVINGS BENEFIT";"6302006";""
"MEX";"GCOA";"60000037";"INDEMNIZACIONES EXENTAS";"277";"SEVERANCE";"6306500";""
"MEX";"GCOA";"60000042";"TIEMPO EXTRA EXENTO NO DEDUCIBLE";"262";"OVERTIME";"6300500";""
"MEX";"GCOA";"60000045";"PREVISIÓN SOCIAL DEDUCIBLE";"270";"FACILITY BENEFITS";"6303505";""
"MEX";"GCOA";"60000048";"FONDO DE AHORRO NO DEDUCIBLE";"269";"PENSION & SAVINGS BENEFIT";"6302006";""
"MEX";"GCOA";"60000053";"GRATIFICACIONES Y PREMIOS P.SINDICALIZADO";"261";"SALARY";"6300000";""
"MEX";"GCOA";"60000057";"CUOTAS IMSS PERSONAL SINDICALIZADO";"273";"SOCIAL CHARGES";"6300005";""
"MEX";"GCOA";"60000060";"APORTACIONES SAR PERSONAL SINDICALIZADO";"273";"SOCIAL CHARGES";"6300005";""
"MEX";"GCOA";"60000063";"COSTO NETO DEL PERIODO AL RETIRO P.SINDICALIZADO";"269";"PENSION & SAVINGS BENEFIT";"6302000";""
"MEX";"GCOA";"60000072";"TIEMPO EXTRA PERSONAL SINDICALIZADO";"262";"OVERTIME";"6300500";""
"MEX";"GCOA";"60000080";"MOVILIDAD EN TERRITORIO NACIONAL";"272";"DOMESTIC MOBILITY";"6304004";""
"MEX";"GCOA";"60000086";"PRIMA DOMINICAL EXENTA NO DEDUCIBLE P. SINDIC.";"261";"SALARY";"6300000";""
"MEX";"GCOA";"60000089";"PRIMA VACACIONAL EXENTA PERSONAL SINDICALIZADO";"261";"SALARY";"6300000";""
"MEX";"GCOA";"60000092";"TIEMPO EXTRA EXENTO NO DEDUCIBLE P. SINDIC.";"262";"OVERTIME";"6300500";""
"MEX";"GCOA";"60000095";"PREVISIÓN SOCIAL DEDUCIBLE PERSONAL SINDICALIZADO";"270";"FACILITY BENEFITS";"6303505";""
"MEX";"GCOA";"60000117";"MANIOBRAS DE EQUIPO DE REFRIGERACIÓN";"181";"ALLOCATION FOR DRAUGHT EQUIPMENT AND COOLING EQUIPMENT INSTALLATIONS";"6203504";""
"MEX";"GCOA";"60000210";"ACUERDOS COMERCIALES BOTELLA ABIERTA";"187";"TRADE INVESTMENT - COMMERCIAL AGREEMENT – ON-TRADE";"6104511";""
"MEX";"GCOA";"60000215";"MANTENIMIENTO PREVENTIVO MANO DE OBRA";"142";"3RD PARTY LABOUR";"6101007";""
"MEX";"GCOA";"60000218";"MATERIALES PARA MANTENIMIENTO EQ. IND. PREVENTIVO";"147";"INDUSTRIAL EQUIPMENT AND MACHINERY";"6025010";""
"MEX";"GCOA";"60000221";"MATERIALES PARA MANTENIMIENTO EQUIPO COMERCIAL";"145";"COMMERCIAL EQUIPMENT AND MACHINERY";"6025008";""
"MEX";"GCOA";"60000226";"MANTENIMIENTO DE AUTOS UTILITARIOS";"145";"COMMERCIAL EQUIPMENT AND MACHINERY";"6025017";""
"MEX";"GCOA";"60000233";"MATERIALES PARA MANTENIMIENTO DE EDIF. SEGURIDAD";"144";"BUILDING & FACILITIES MAINTENANCE M";"6025006";""
"MEX";"GCOA";"60000304";"SUBSIDIO ENERGÍA PUNTOS DE VENTA";"186";"TRADE INVESTMENT - COMMERCIAL AGREEMENT - OFF TRADE";"6104553";""
"MEX";"GCOA";"60000312";"AGUA, ELECTRICIDAD Y GAS PARA GENERADORES";"247";"WATER, ELECTRICITY AND GAS";"6024003";""
"MEX";"GCOA";"60000502";"ARRENDAMIENTO DE AVIONES";"125";"OTHER LEASES / RENTALS";"6201012";""
"MEX";"GCOA";"60000509";"ARRENDAMIENTO DE PUNTOS DE VENTA 3ROS.";"123";"LEASE OF REAL ESTATE";"6201004";""
"MEX";"GCOA";"60000516";"ARRENDAMIENTO DEVENGADO PUNTOS DE VENTA";"123";"LEASE OF REAL ESTATE";"6201004";""
"MEX";"GCOA";"60000523";"ARRENDAMIENTO DE BODEGAS";"125";"OTHER LEASES / RENTALS";"6201010";""
"MEX";"GCOA";"60000526";"ARRENDAMIENTO DE PUNTOS DE VENTA NP";"123";"LEASE OF REAL ESTATE";"6201004";""
"MEX";"GCOA";"60000606";"HONORARIOS AGENTES ADUANALES";"934";"OTHER";"6102546";""
"MEX";"GCOA";"60000631";"HONORARIOS PROFESIONALES EXPERTOS LEGALES";"128";"LEGAL FEES";"6105502";""
"MEX";"GCOA";"60000635";"HONORARIOS PROFESIONALES PROPIEDAD INTELECTUAL";"132";"OUTSIDE COUNSEL FEES";"6105525";""
"MEX";"GCOA";"60000639";"HONORARIOS PROFESIONALES ABOGADOS LABORALES";"132";"OUTSIDE COUNSEL FEES";"6105521";""
"MEX";"GCOA";"60000702";"DEDUCIBLE POR SINIESTROS";"103";"INSURANCE";"6202000";""
"MEX";"GCOA";"60000807";"DERECHOS DE AGUA Y ALCANTARILLADO";"247";"WATER, ELECTRICITY AND GAS";"6022000";""
"MEX";"GCOA";"60000815";"IVA DEDUCIBLE";"474";"OTHER TAXES";"5370096";""
"MEX";"GCOA";"60000821";"TENENCIAS PLACAS REVISTAS Y VERIF. VEHÍCULOS PREST";"322";"INDIVIDUAL BENEFITS";"6304504";""
"MEX";"GCOA";"60000905";"MANTENIMIENTO DE LICENCIAS DE APLICACIÓN NO SAP";"401";"APPLICATION LICENSES";"6105008";""
"MEX";"GCOA";"60000908";"TELECOM SERVICIOS DE TELEFONÍA FIJA";"407";"TELECOM SERVICES";"6105019";""
"MEX";"GCOA";"60000911";"CENTRO DE DATOS GESTIÓN DEL SERVICIO";"403";"DATACENTER";"6105002";""
"MEX";"GCOA";"60000916";"EQUIPOS DE TI Y OTROS PERIFÉRICOS";"408";"WORKPLACE";"6105005";""
"MEX";"GCOA";"60000919";"SERVICIOS COMUNICACIÓN MÓVIL VOZ";"404";"MOBILE SERVICES";"6105014";""
"MEX";"GCOA";"60000921";"MANTENIMIENTO DEVENGADO LICENCIAS L. DE TRABAJO";"408";"WORKPLACE";"6105035";""
"MEX";"GCOA";"60000925";"SOPORTE A APLICACIONES SAP";"402";"APPLICATION SUPPORT";"6105007";""
"MEX";"GCOA";"60000932";"SEGURIDAD INFORMÁTICA SOPORTE Y MANTENIMIENTO";"405";"SECURITY T";"6105033";""
"MEX";"GCOA";"60001004";"ALIMENTOS POR GASTOS DE VIAJE";"447";"BUSINESS TRAVEL";"6103002";""
"MEX";"GCOA";"60001008";"REEMBOLSO DE KILOMETRAJE";"447";"BUSINESS TRAVEL";"6103005";""
"MEX";"GCOA";"60001011";"HOSPEDAJE";"447";"BUSINESS TRAVEL";"6103003";""
"MEX";"GCOA";"60001014";"COMISIÓN POR BOLETO DE AVIÓN";"453";"TRAVEL AGENT";"6103008";""
"MEX";"GCOA";"60001016";"COMISIÓN POR BOLETO DE AVIÓN POR EVENTOS INTERNOS";"449";"INTERNAL EVENTS TRAVEL";"6104036";""
"MEX";"GCOA";"60001019";"TRANSPORTE LOCAL POR EVENTOS INTERNOS";"449";"INTERNAL EVENTS TRAVEL";"6104085";""
"MEX";"GCOA";"60001025";"HOSPEDAJE POR RECLUTAMIENTO";"447";"BUSINESS TRAVEL";"6103003";""
"MEX";"GCOA";"60001029";"GASTOS DE VIAJE NO DEDUCIBLES POR RECLUTAMIENTO";"447";"BUSINESS TRAVEL";"6103015";""
"MEX";"GCOA";"60001032";"ALIMENTOS POR CAPACITACIÓN";"452";"TRAINING TRAVEL";"6308510";""
"MEX";"GCOA";"60001035";"OTROS GASTOS DE VIAJE POR CAPACITACIÓN";"452";"TRAINING TRAVEL";"6308512";""
"MEX";"GCOA";"60001038";"TRANSPORTE PARA EMPLEADOS";"270";"FACILITY BENEFITS";"6303503";""
"MEX";"GCOA";"60001042";"BOLETOS DE AVIÓN FUERZA DE VENTAS";"451";"SALES TRAVEL";"5370106";""
"MEX";"GCOA";"60001045";"HOSPEDAJE FUERZA DE VENTAS";"451";"SALES TRAVEL";"5370105";""
"MEX";"GCOA";"60001050";"REEMBOLSO DE KILOMETRAJE FUERZA DE VENTAS";"451";"SALES TRAVEL";"5370107";""
"MEX";"GCOA";"60001103";"GASTOS DE OFICINA";"244";"OFFICE SUPPLIES";"6106501";""
"MEX";"GCOA";"60001106";"PAQUETERÍA";"246";"POSTAGE / COURIER";"6100015";""
"MEX";"GCOA";"60001300";"ROTURAS Y MERMAS DE CERVEZA";"210";"LOSSES AND BREAKAGE FINISHED GOODS";"6200559";""
"MEX";"GCOA";"60001400";"ROTURAS Y MERMAS DE ENVASE, EMPAQUE Y MAT. AUX.";"420";"LOSSES AND BREAKAGES OF PACKAGING, AUXILIARY, RAW MATERIAL (EXCEPT GRAINS),  POC MATERIALS AND DRAUG";"6200562";""
"MEX";"GCOA";"60001403";"ROTURAS Y MERMAS DE EMPAQUE Y MAT. AUX.";"420";"LOSSES AND BREAKAGES OF PACKAGING, AUXILIARY, RAW MATERIAL (EXCEPT GRAINS),  POC MATERIALS AND DRAUGHT";"6200562";""
"MEX";"GCOA";"60001421";"DIFERENCIA DE INVENTARIO";"209";"INVENTORY COUNTING DIFFERENCE";"6014001";""
"MEX";"GCOA";"60001429";"ROBO DE CERVEZA EN ALMACÉN";"428";"ROBBERIES IN TRANSPORT AND WHS";"6200564";""
"MEX";"GCOA";"60001701";"ROTURAS Y MERMAS DE JUGOS Y OTRAS BEBIDAS";"210";"LOSSES AND BREAKAGE FINISHED GOODS";"6200559";""
"MEX";"GCOA";"60002100";"MANEJO Y DESTRUCCIÓN DE PRODUCTO  NO CONFORME";"210";"LOSSES AND BREAKAGE FINISHED GOODS";"6200559";""
"MEX";"GCOA";"60002101";"OBSOLESCENCIA DE INVENTARIOS";"423";"OBSOLESCENCE";"6200570";""
"MEX";"GCOA";"60003013";"SEGURO VIDA Y GTOS MED MAYORES DEVENGADO EN EL EJ.";"330";"HEALTH BENEFITS & LIFE INSURANCE";"6302001";""
"MEX";"GCOA";"60003037";"FOMENTO DE VENTAS DEVENGADO EN EL EJ. X IMAGEN BC";"186";"TRADE INVESTMENT - COMMERCIAL AGREEMENT - OFF TRADE";"6104553";""
"MEX";"GCOA";"60003041";"SEGURO DE DAÑOS Y TRANSPORTE DEVENGADO PRESTACIÓN";"322";"INDIVIDUAL BENEFITS";"6304500";""
"MEX";"GCOA";"60003046";"SEGURO AUTOS ARRENDADOS EJECUTIVOS";"322";"INDIVIDUAL BENEFITS";"6304501";""
"MEX";"GCOA";"60003101";"SERVICIOS 3ROS.";"204";"OTHER SERVICES";"6106006";""
"MEX";"GCOA";"60003112";"SEMINARIOS Y CURSOS DE CAPACITACIÓN";"278";"TRAINING";"6308500";""
"MEX";"GCOA";"60003121";"ASEO Y LIMPIEZA DE INSTALACIONES INDUSTRIALES";"201";"CLEANING AND GARDENING";"6106002";""
"MEX";"GCOA";"60003143";"GASTOS DE COMEDOR";"270";"FACILITY BENEFITS";"6303504";""
"MEX";"GCOA";"60003149";"SERVICIOS DE LABORATORIO";"202";"LABORATORY SERVICES";"6102000";""
"MEX";"GCOA";"60003153";"AVALÚOS PARA GARANTÍA FOMENTO VTAS BOTELLA ABIERTA";"187";"TRADE INVESTMENT - COMMERCIAL AGREEMENT – ON-TRADE";"6104525";""
"MEX";"GCOA";"60003164";"ASEO Y LIMPIEZA DE OFICINAS Y LOCALES COMERCIALES";"201";"CLEANING AND GARDENING";"6106003";""
"MEX";"GCOA";"60003167";"FUMIGACIÓN DE OFICINAS Y LOCALES COMERCIALES";"201";"CLEANING AND GARDENING";"6106027";""
"MEX";"GCOA";"60003177";"ELIMINACIÓN Y RECICLADO DE MATERIALES ESPECIALES";"206";"RECYCLING / WASTE COST";"6106012";""
"MEX";"GCOA";"60004108";"PROVISIÓN CONTINGENCIAS LEGALES RECURRENTES";"445";"OTHER PROVISIONS";"6412040";""
"MEX";"GCOA";"60004300";"GASTOS NO DEDUCIBLES";"447";"BUSINESS TRAVEL";"6103015";""
"MEX";"GCOA";"60004306";"SANCIONES INDEMNIZACIONES ACTUALIZACIONES NO DED.";"469";"TAXES - FINES & PENALTIES";"6200522";""
"MEX";"GCOA";"60004315";"GASTOS NO DEDUCIBLES POR AJUSTE EN CARGAS SOCIALES";"273";"SOCIAL CHARGES";"6300005";""
"MEX";"GCOA";"60004412";"MEDICAMENTOS Y SERVICIOS MÉDICOS";"270";"FACILITY BENEFITS";"6303507";""
"MEX";"GCOA";"60004502";"OBSEQUIOS A AUTORIDADES";"455";"GIFTS & HOSPITALITY TO OFFICIALS";"6303521";""
"MEX";"GCOA";"60004513";"GASTOS DE COMUNICACIÓN LEGAL REQUERIDA";"133";"LEGAL COMMUNICATIONS";"6105527";""
"MEX";"GCOA";"60004517";"EVENTOS POR CONVENCIONES";"116";"INTERNAL EVENTS";"6104027";""
"MEX";"GCOA";"60004521";"MEMBRESÍAS";"118";"MEMBERSHIPS";"6104040";""
"MEX";"GCOA";"60004524";"CUOTAS A ASOCIACIONES DE LA INDUSTRIA";"114";"INDUSTRY ASSOCIATIONS";"6104023";""
"MEX";"GCOA";"60005008";"ARTÍCULOS PUBLICITARIOS BOTELLA CERRADA";"190";"MARKET PROGRAMS - DIRECT TRADE MARKETING MATERIALS - OFF TRADE";"6016053";""
"MEX";"GCOA";"60005013";"INCENTIVOS PERSONAL DE VENTAS";"199";"SALES INCENTIVES - OWN PERSONNEL";"6104655";""
"MEX";"GCOA";"60005021";"ARTÍCULOS PUBLICITARIOS LOCALES BOTELLA CERRADA";"411";"NON MARKET PROGRAMS - DIRECT TRADE MARKETING MATERIALS – OFF-TRADE";"6104684";""
"MEX";"GCOA";"60005100";"AGENCIAS DE PUBLICIDAD";"152";"AGENCY FEES & EXPENSES";"6103502";""
"MEX";"GCOA";"60005104";"PROMOCIÓN DE MARCA";"154";"BRAND PROMOTION";"6103519";""
"MEX";"GCOA";"60005109";"CAMBIO DE IMAGEN DE PRODUCTOS";"159";"PACKAGING";"6103548";""
"MEX";"GCOA";"60005112";"MEDIOS MASIVOS TRADICIONALES DEVENGADO";"157";"TRADITIONAL MEDIA BUYING";"6103533";""
"MEX";"GCOA";"60005116";"OTROS GASTOS DE PUBLICIDAD";"158";"OTHER MARKETING";"6103544";""
